{
    "navigationFallback": {
      "rewrite": "/index.html"
    },
    "routes": [
      {
        "route": "/favicon.ico",
        "allowedRoles": [ "anonymous" ]
      },
     {
        "route": "/login.html",
        "allowedRoles": [ "anonymous" ]
      },
      {
        "route": "/*",
        "allowedRoles": [ "authenticated" ]
      }
    ],
    "responseOverrides": {
      "401": {
        "statusCode": 302,
        "redirect": "/.auth/login/aad"
      }
    }
  }